"","ID_plot","Analysis","Long","Lat","Age","Size_Patch","ShDry_100","ShDry_500","ShDry_1000","ShDry_5000","Air_temp","Urb_clim","SVF","pH","C","N","S","P","K","Cu","Zn","Cd","Pb","Ni","Wc","Lf","KAK","C_N","C_S","Slope","Aspect","Cover_total","Cover_herb","Cover_moss","Cover_litter","Height_herbs","Seal_100","Seal_500","Seal_1000","Seal_5000","Pop_100","Pop_500","Pop_1000","Pop_5000","FAR_100","FAR_500","FAR_1000","FAR_5000","URBAN_100","URBAN_500","URBAN_1000","URBAN_5000","RdDen_100","RdDen_500","RdDen_1000","RdDen_5000","Road_Dist","RwDen_100","RwDen_500","RwDen_1000","RwDen_5000","Railw_Dist","metals","plots20","BioInvSim_500","BioSim_500","BioShan_500","BioRich_500","BioInvSim_100","BioSim_100","BioShan_100","BioRich_100","BioInvSim_1000","BioSim_1000","BioShan_1000","BioRich_1000","ShVeg_100","ShVeg_500","ShVeg_1000","ShForest_100","ShForest_500","ShForest_1000","ShHerb_100","ShHerb_500","ShHerb_1000","ShGrass_100","ShGrass_500","ShGrass_1000","mean_temp_summer","min_daily_temp_summer","max_daily_temp_summer","mean_tempDay_summer","mean_tempNight_summer","mean_tempNight_spring","min_summer","max_summer","SR","SR.nat","SR.neo","SR.arch","SR.exo","SR.resid","cover.nat","cover.neo","cover.arch","cover.exo","cover.resid","relcover.nat","relcover.neo","relcover.arch","relcover.exo","relcover.resid","prop.nat","prop.neo","prop.arch","prop.exo","prop.resid","Subset_20plots","log_Size_Patch","log_ShHerb_500","log_ShGrass_500","log_Road_Dist","log_Railw_Dist","Hanski3D_DryGr","HanskiHist","TreeCover_patch"
"Brb_Nh_04","Brb_Nh_04",1,13.6899,52.33428,"N",17963.1,0.068434141,0.031701583,0.020546141,0.006489913,"",1,0.88,NA,NA,NA,NA,NA,NA,NA,NA,NA,NA,NA,NA,NA,NA,NA,NA,0,NA,100,40,95,40,15,0,0.033038203,0.177931743,NA,0,0.011287456,0.060790131,NA,0,0.000458664,0.002470202,NA,0,3,3,NA,0,0,0,281.35578,1157.934879,0,0,0,29.23345,3214.218696,NA,FALSE,2.1194729589486,0.528184591467462,0.913888754923192,6,2.26880983149399,0.559240273856927,1.0174194914844,5,2.16683654153945,0.538497721988047,0.941725837473443,7,0.682026542826831,0.627291547901227,0.607506450387023,0.615299157275257,0.596417534279456,0.592695561733704,0.0511239666112857,0.0260833908408093,0.0129807788467308,0.0511239666112857,0.0260833908408093,0.0123907434446067,18.8243146135266,13.2776086956522,24.6526086956522,20.31252864546,15.6761796973712,8.79222715096176,3.5,35.5,17,15,0,2,2,17,62.3,0,3,3,65.3,0.95405819295559,0,0.0459418070444104,0.0459418070444104,1,0.882352941176471,0,0.117647058823529,0.117647058823529,1,0,9.79607493275217,-3.64645653347295,-3.64645653347295,7.05439342080036,8.0753395887865,0.034757079,0.39294933,0
"Brb_Nl_02","Brb_Nl_02",1,13.66073,52.31619,"N",2415.18,0,0.008181386,0.005659532,0.004266236,"",NA,0.85,5.62,0.835326076,0.054049907,0.008019999,5.33,27.78,0.0554375,0.1073625,0.004295,0.01992125,0.01073,0.03,15,99.41152431,15.4664588,104.1484718,3,90,95,60,50,40,20,2.710347167,8.165297336,13.58094696,NA,0.979757109,1.249699833,5.113993293,NA,0.098289736,0.113681919,0.233459871,NA,3,3,3,NA,0.10307,5.14104,19.27531,411.32235,73.4184229,0,0,0,45.9466,1604.783004,0.09038375,FALSE,2.07292282872709,0.517589373737533,0.817991743015773,5,1.39886506177502,0.2851347658,0.600753590764569,4,2.03718152532056,0.509125727103457,0.827460746282475,8,0.96271,0.588047011752938,0.413526686082005,0.83924,0.560450112528132,0.38599493599944,0.08938,0.0177544386096524,0.0159626104622652,0.08938,0.0177544386096524,0.00811641196545271,20.4651268115942,13.7282608695652,28.7010869565217,22.6684141885288,16.1724501934118,9.61129193250567,7.5,37,34,27,1,6,7,33,82.8,1,11.1,12.1,93.9,0.87249736564805,0.0105374077976818,0.116965226554268,0.127502634351949,0.989462592202318,0.794117647058823,0.0294117647058824,0.176470588235294,0.205882352941176,0.970588235294118,0,7.78952909747063,-4.0311197318055,-4.0311197318055,4.29617489731496,7.38074382642377,0.054407842,0.95363324,21.57142857
"Brb_Nm_03","Brb_Nm_03",1,13.30965,52.64434,"N",111203.95,0.014437743,0.006042099,0.002299199,0.005321744,">8.0 - 8.5",1,0.94,6.095,0.121071368,0.012934594,0.001749874,19.55,23.012,0.0259325,0.0282375,0.000699,0.00447875,0.0073175,0.03,NA,18.19853568,9.353277206,70.11209679,2,180,85,40,40,35,20,6.844070446,10.74488865,13.56075343,NA,4.688861841,10.05117976,12.56763411,NA,0.03183307,0.065407591,0.127980091,NA,3,3,3,NA,0.41204,9.82773,35.09323,539.14933,66.48697593,0,0,1.06321,46.82299,2134.994839,0.03842775,FALSE,1.38548445644459,0.278230805586817,0.571398946827948,5,1.26055493372031,0.206698595,0.361005821942899,2,2.32716124361282,0.570291915635575,1.14812597251147,7,1,0.892837140456855,0.698270083144066,0.88295,0.862853542425091,0.618307703082634,0.11705,0.0299835980317638,0.0482255595465597,0.11705,0.0297435692283074,0.0268942539545959,19.7203668478261,12.2554347826087,28.8586956521739,22.290879086429,14.7351897777467,7.90018510564524,5.5,37.5,18,10,4,4,8,14,36.5,7.1,2.2,9.3,38.7,0.796943231441048,0.155021834061135,0.0480349344978166,0.203056768558952,0.844978165938865,0.555555555555556,0.222222222222222,0.222222222222222,0.444444444444444,0.777777777777778,0,11.6191211817505,-3.50710477910711,-3.51514233074955,4.19700607780387,7.66621950832959,0.027820673,1.854075222,15.87857142
"Brb_Oh_01","Brb_Oh_01",1,13.00041,52.52896,"O",245535.01,0,0,0.003489793,0.009567774,"",NA,0.97,6.055,0.849138111,0.051013857,0.009160998,4.69,29.73,0.0417375,0.25525,0.002057625,0.01892625,0.0052625,0.05,17.9,33.38996813,16.67990971,92.67250824,0,NA,90,45,10,40,20,3.119005784,5.123067934,6.305831489,NA,0.211382119,0.08919478,2.034832048,NA,0.03781355,0.04141113,0.043882368,NA,3,3,3,NA,0.81504,7.16612,24.9729,281.86422,20.12205778,0,0,0,127.24358,1799.319217,0.067983875,FALSE,1.7587776227901,0.431423286808928,0.821044711216613,5,1.50006797122992,0.3333635414,0.562793887957476,3,2.26116749705506,0.557750586233705,1.03039481637984,6,0.98507,0.779183375501265,0.628757189297324,0.79356,0.724441733251998,0.595478869717429,0.19151,0.0547416422492675,0.033278319579895,0.19151,0.0276908307249218,0.0189847461865466,19.6422478864734,12.6032608695652,28.2989130434783,22.0004221732173,15.0819472101147,9.151243598025,6.5,37.5,37,27,2,8,10,34,64.5,1.1,7.2,8.3,71.6,0.885989010989011,0.0151098901098901,0.0989010989010989,0.114010989010989,0.983516483516483,0.72972972972973,0.0540540540540541,0.216216216216216,0.27027027027027,0.918918918918919,0,12.411194822974,-2.90513057491959,-3.58665394134926,3.00181661534968,7.49516365956599,0.035470202,11.38137702,3.151125401
"Brb_Ol_03","Brb_Ol_03",1,13.38178,52.33962,"O",34365.37,0,0,0,0.001154698,"",1,0.78,4.53,0.598522365,0.046653215,0.005184025,47.28,15.644,0.0655375,0.93625,0.0073625,0.193,0.0411125,0.01,50.65,8.906282154,12.82023478,116.1611633,0,NA,95,50,20,60,15,0,2.69787647,3.032772318,NA,0,3.267042239,3.242017796,NA,0,0.021003757,0.024181182,NA,0,3,3,NA,0,3.5956,10.56852,296.39382,330.9616543,0,1.47145,5.79398,43.05168,624.1283847,0.3070125,FALSE,3.30445665268341,0.697378387703182,1.41887493271656,8,2.64108248507187,0.621367372790407,1.04775677338137,5,3.72305403877406,0.731403307718498,1.58650634863972,9,0.687133128668713,0.279811097992916,0.2781273445706,0.495575044249558,0.204510435635243,0.110968839093683,0.191558084419156,0.0746102895563604,0.0931726104136448,0.187768122318777,0.0566005643047246,0.0795778522482869,19.9669384057971,12.6739130434783,29.8641304347826,22.3327398800433,15.3526847022905,9.10485587255943,4,38,35,23,1,11,12,33,68.6,1,7.7,8.7,76.2,0.88745148771022,0.0129366106080207,0.0996119016817594,0.11254851228978,0.985769728331177,0.657142857142857,0.0285714285714286,0.314285714285714,0.342857142857143,0.942857142857143,0,10.4448046502663,-2.59547685157392,-2.87173632377456,5.80200252062991,6.43635609191843,0.054133106,9.050926004,5.411764705
"Brb_Ol_04","Brb_Ol_04",1,13.38759,52.33882,"O",59069.06,0,0,0,0.001230372,"",1,0.99,4.595,0.683991224,0.056341883,0.008130099,91.02,34.5,0.0768875,0.944375,0.0072775,0.0558625,0.03675,0.03,15.9,30.82170161,12.14008522,84.19349289,0,NA,98,60,40,40,10,8.639460818,8.495434027,8.767025335,NA,11.29099329,8.675726909,9.792179746,NA,0.064652962,0.102325025,0.090610086,NA,3,3,3,NA,1.64726,8.91416,21.75793,310.04745,29.86651629,0,0,3.36127,44.60613,772.834611,0.1767775,FALSE,1.90156324713706,0.474116886984659,0.930603718918315,7,2.24680291041914,0.554923133060456,1.0572819068394,5,2.45634150131544,0.592890483890586,1.2316737854774,10,1,0.987139539960704,0.933534239045076,0.630634370960285,0.701153075197968,0.603355190827705,0.23463138923749,0.166084505924147,0.207564394534318,0.23463138923749,0.163921249528648,0.205237945657295,19.8803970410628,11.8097826086957,28.75,22.4815892794967,14.8550884761408,8.77935665197628,2.5,37,29,23,1,5,6,28,71.7,2,7.1,9.1,78.8,0.887376237623762,0.0247524752475248,0.0878712871287129,0.112623762376238,0.975247524752475,0.793103448275862,0.0344827586206897,0.172413793103448,0.206896551724138,0.96551724137931,0,10.9864625468515,-1.79525854832649,-1.80836915228499,3.39673799636706,6.65006506838611,0.035935316,9.024768709,1.288590604
"Brb_Om_03","Brb_Om_03",1,13.17791,52.36926,"O",12681.63,0.035841287,0.010762879,0.003126442,0.006515512,">7.5 - 8.0",1,0.87,6.49,0.814353734,0.049105814,0.005363802,12,7.896,0.030125,0.028925,0.000668375,0.0079175,0.0035225,0.05,25.6,37.24801331,16.62640095,152.6023865,0,NA,60,50,15,30,20,2.869220758,2.726828848,4.127427765,NA,3.458506246,1.277600643,3.866108587,NA,0.021737797,0.012284531,0.026283089,NA,3,3,3,NA,0.24348,4.79658,14.71557,402.22308,137.8306023,0,0,0,20.59841,4017.021382,0.042233375,FALSE,1.65838307147848,0.39700301022219,0.930790162907536,11,1.09801090574429,0.0892622334000001,0.225076285704513,4,2.38374140100968,0.580491407509041,1.30227028091317,12,1,0.875968992248062,0.735157666192149,0.98436,0.773497067837411,0.622594553629036,0.01226,0.0369357045143639,0.0483700828528415,0.01226,0.0163522412750931,0.0201857788064685,19.7201464371981,11.5978260869565,29.2989130434783,22.4980548752765,14.3485487857477,8.62020742694436,3,38,31,22,2,7,9,29,52.8,1.1,3.4,4.5,56.2,0.921465968586387,0.0191972076788831,0.0593368237347295,0.0785340314136126,0.980802792321117,0.709677419354839,0.0645161290322581,0.225806451612903,0.290322580645161,0.935483870967742,0,9.44790976862541,-3.29857659374545,-4.11339030998818,4.92602541157273,8.29829595722289,0.087116817,1.280420013,32.36666666
"Nh_02","Nh_02",1,13.64608,52.45572,"N",4017.61,0.193523063,0.126309553,0.066520908,0.012196097,">8.5 - 9.0",2,0.75,7.165,0.810447365,0.045408867,0.020407006,8.06,20.133,0.0484625,0.00989,0.00035525,0.00795,0.0064725,0.08,56.8,83.3406343,17.84219456,39.69965363,0,NA,98,50,20,75,15,20.78179205,13.06210162,15.29863804,15.91000695,0.072658836,1.349422558,9.048192457,13.37522222,0.026588364,0.05148955,0.079048881,0.098216041,3,3,3,3,0.48138,4.20157,17.68727,422.0965,46.75566634,0.83732,2.43896,4.44732,30.90313,22.86765845,0.06324025,FALSE,1.11840835624441,0.105872202745358,0.259532939662049,6,1.16236450132192,0.1396846696,0.288731191006155,3,1.25160608541082,0.201026575648384,0.539334943819497,9,1,0.999270007299927,0.981930180698193,0.92498,0.94470055299447,0.893961060389396,0.06844,0.039929600703993,0.025409745902541,0.06844,0.039929600703993,0.025409745902541,19.7249018719807,12.6467391304348,28.0869565217391,22.0352703227832,15.2279357989296,8.86647148498292,5,36.5,34,27,1,6,7,33,59.3,0.1,5.2,5.3,64.5,0.917956656346749,0.00154798761609907,0.0804953560371517,0.0820433436532508,0.998452012383901,0.794117647058823,0.0294117647058824,0.176470588235294,0.205882352941176,0.970588235294118,0,8.29844247744841,-3.22063735785701,-3.22063735785701,3.84493545352364,3.12972361757215,0.207633,0.340137127,0
"Nh_04","Nh_04",1,13.30888,52.40597,"N",15152.89,0,0.005267181,0.003886621,0.000802157,">9.0 - 9.5",2,0.91,7.49,1.314365268,0.070271309,0.0335226,12.27,152.48,0.1147375,0.0256575,0.00056875,0.01578625,0.00771875,0.06,82.2,242.9653853,18.71038532,39.21062851,0,NA,99,70,50,60,20,5.871348131,15.03303403,19.55246568,NA,0,16.95780119,27.17406904,NA,0,0.09949375,0.188697695,NA,1,3,3,NA,0,5.27928,26.30944,716.08823,265.7938861,0.77069,2.47529,4.49158,57.21087,110.6910717,0.13881125,TRUE,2.61349197764881,0.6173701666,1.20016231128523,7,1.64734574247384,0.3929628892,0.770667579901603,4,3.2949063013879,0.696501232955009,1.48542519933879,10,0.96859,0.85403,0.698416984169842,0.76333,0.57422,0.477094770947709,0.13663,0.02849,0.0634006340063401,0.13663,0.02539,0.033140331403314,19.2464636171498,12.5969565217391,27.7467391304348,21.4515585832775,14.9857607511048,8.33531522371781,6.5,36.5,33,25,2,6,8,31,68.4,0.2,3.3,3.5,71.7,0.951321279554937,0.00278164116828929,0.0458970792767733,0.0486787204450626,0.997218358831711,0.757575757575758,0.0606060606060606,0.181818181818182,0.242424242424242,0.939393939393939,1,9.62594655182122,-3.55820213047232,-3.67339988326555,5.58272114413348,4.70674318334542,0.010318997,0.118739563,17.94594594
"Nh_05","Nh_05",1,13.40603,52.47541,"N",15798.4,0,0.035179828,0.024258637,0.003860109,">9.0 - 9.5",2,0.96,7.32,2.703062773,0.182491869,0.037704354,37.98,54.36,0.1696375,10.7125,0.079575,0.21915,0.149125,0.05,33.25,50.32456325,14.81276608,71.69349289,0,NA,99,95,2,20,10,18.46071787,15.62042232,33.07060591,56.11860548,0,23.98011791,47.72346151,88.49812841,0,0.115884246,0.317873672,0.811765222,1,3,3,6,0,5.18555,31.30449,1204.88124,251.7697547,0,0,1.33145,122.07407,1143.089757,0.6174875,TRUE,1.82420300604305,0.451815397361318,0.808459095440739,8,1.37105950658236,0.27063705462887,0.518603418394154,4,2.45419187657282,0.592533896984266,1.17793074932928,10,0.88130406520326,0.725082508250825,0.662027037836973,0.844982249112456,0.697659765976598,0.555775537956964,0.0363218160908045,0.0195819581958196,0.04680625549956,0.0357617880894045,0.0162416241624162,0.0392368610511159,19.8367383756039,13.8104347826087,26.9733695652174,21.6736740056866,16.2946445484864,9.91683667869474,8,34.5,32,26,2,4,6,30,113.9,2.1,5.2,7.3,119.1,0.93976897689769,0.0173267326732673,0.0429042904290429,0.0602310231023102,0.982673267326733,0.8125,0.0625,0.125,0.1875,0.9375,1,9.66766394806454,-3.93314663687944,-4.12017793924827,5.52851499803351,7.04149018827074,0.093499254,1.515311037,0
"Nh_10","Nh_10",1,13.51432,52.44011,"N",13094.97,0.219347025,0.148708775,0.112067,0.012585458,">8.5 - 9.0",2,0.94,6.36,1.165534854,0.07585527,0.014390486,7.07,19.727,0.0642,0.164975,0.002367875,0.01671625,0.0068325,0.04,31.8,56.27307447,15.36818171,81.06243515,0,NA,90,65,10,60,15,10.04112297,38.45486093,45.94037175,40.42224873,2.603663133,10.38682427,32.12984061,37.73788252,0.044337683,0.266552445,0.279160495,0.294963043,3,4,4,4,0.03603,9.80307,46.52128,905.59045,131.7314039,0,0,2.48978,86.94336,713.0755133,0.090116625,TRUE,4.76360525102344,0.7900749648,1.68689902769119,8,3.22518106542129,0.689939888733231,1.35808720528761,5,5.35466854494347,0.813247077460225,1.80533190119153,9,0.901280987190128,0.83856,0.822778227782278,0.155508444915551,0.17502,0.252662526625266,0.218557814421856,0.2844,0.255582555825558,0.218557814421856,0.20315,0.185311853118531,20.3381038647343,12.8478260869565,29.6032608695652,22.770317238676,15.6337275661359,8.75648888296385,5.5,41,31,22,3,6,9,28,68.7,12,2.4,14.4,71.1,0.826714801444043,0.144404332129964,0.0288808664259928,0.173285198555957,0.855595667870036,0.709677419354839,0.0967741935483871,0.193548387096774,0.290322580645161,0.903225806451613,1,9.47998346598844,-1.25737358105305,-1.5938106565484,4.88076503059024,6.56958732406297,0.346970183,1.099807336,0
"Nh_11","Nh_11",1,13.44811,52.61662,"N",2777.83,0,0.007433772,0.003117903,0.004182674,">8.0 - 8.5",1,0.93,6.23,1.033573389,0.078297887,0.019998829,109.64,99.92,0.26125,1.024,0.0172675,0.0112675,0.065475,0.04,60.45,44.20105446,13.19962502,51.68199348,0,NA,96,60,25,60,20,6.237401261,9.985880579,15.46501477,21.49086466,0,2.508689986,4.986489694,14.06796395,0,0.023497016,0.043737091,0.102745476,1,3,3,3,0.23788,6.22395,22.44736,475.72426,66.07407675,0.53463,2.53455,5.39508,59.11088,73.27152111,0.35526,FALSE,2.39304822782651,0.5821229224,1.15540188035998,7,2.26253415629598,0.5580177222,0.925333099431282,4,2.57419144550299,0.611528504708941,1.26459256966052,7,1,0.9187,0.913309133091331,0.48444,0.26947,0.200292002920029,0.03492,0.0239,0.105971059710597,0.03492,0.02223,0.0942609426094261,19.4734299516908,11.0815217391304,29.0434782608696,22.2305071173281,14.1809186863332,8.59867665202523,2.5,39,19,12,2,5,7,17,55.6,4.1,3.3,7.4,58.9,0.882539682539683,0.0650793650793651,0.0523809523809524,0.117460317460317,0.934920634920635,0.631578947368421,0.105263157894737,0.263157894736842,0.368421052631579,0.894736842105263,0,7.9294253263374,-3.73387682004467,-3.80631255100603,4.1907764876345,4.29417200829485,0.030377649,1.214404552,0
"Nh_51","Nh_51",1,13.24265,52.4882,"N",1676.26,0.157385168,0.049086624,0.014367571,0.007836765,">8.0 - 8.5",1,0.97,6.79,0.683435082,0.046021169,0.008175666,10.65,26.81,0.0736,0.02628375,0.00121025,0.0117175,0.00817125,0.01,28.55,106.0190623,14.84275723,83.92105865,0,NA,95,45,30,50,10,0,4.375614422,6.090360397,26.73836755,0,0.016273498,0.049437551,27.65990447,0,0,0.007284966,0.30562771,0,2,3,3,0,0.1578,6.85424,620.7154,495.53935,0,0,1.44377,105.8029,996.1355877,0.094699,TRUE,3.19032094398993,0.686551912,1.42283734751616,7,2.5099106693548,0.601579445750927,1.2028748915477,7,3.61845947781456,0.7236392984,1.51303474421831,7,0.736332636673633,0.7795,0.77329,0.0522294777052229,0.15803,0.17478,0.0591394086059139,0.10932,0.12617,0.042659573404266,0.08393,0.06856,19.5102279589372,11.7391304347826,28.679347826087,22.2277706964854,14.270401177393,7.50152009414386,4,37,26,18,2,6,8,24,59.5,0.2,4.4,4.6,63.9,0.928237129485179,0.0031201248049922,0.0686427457098284,0.0717628705148206,0.996879875195008,0.692307692307692,0.0769230769230769,0.230769230769231,0.307692307692308,0.923076923076923,1,7.42432040027533,-2.21347591792227,-2.4777721608874,6.20564676534945,6.90388338054836,0.106324217,0.147976868,0
"Nh_201","Nh_201",1,13.54843,52.48448,"N",334.98,0.279038089,0.072362301,0.038782388,0.011223307,">9.0 - 9.5",2,0.97,7.505,0.464432031,0.012352483,0.007259384,3.59,0,0.0497125,0.037875,0.0012205,0.00842375,0.004275,0.01,32.2,114.2964058,37.84959412,64.24059868,0,NA,70,40,50,30,15,15.72872614,22.64304139,28.64226096,37.64948435,0,3.994589351,11.12485519,33.73548779,0.068385768,0.082874393,0.106755169,0.262614664,2,3,3,4,0.2247,3.36765,21.46089,857.46871,67.86354317,0,1.85103,4.0734,210.54012,218.4488589,0.06363175,FALSE,2.27696827725155,0.5608195292,1.01360518401777,7,1.41634710344587,0.2939583824,0.604812529545981,4,2.79481305631494,0.642194315022081,1.38979910287885,9,0.91466,0.91662,0.852178521785218,0.8331,0.57438,0.56069560695607,0.08156,0.34054,0.183831838318383,0.06702,0.32964,0.162241622416224,19.890726147343,12.5416304347826,28.1728260869565,22.2456566865718,15.377597423849,8.59243920332406,4.5,38,19,13,3,3,6,16,52.4,0.3,3.1,3.4,55.5,0.939068100358423,0.00537634408602151,0.0555555555555556,0.0609318996415771,0.994623655913978,0.684210526315789,0.157894736842105,0.157894736842105,0.315789473684211,0.842105263157895,1,5.81407082855032,-1.07722268598964,-1.10975412908695,4.21749897093144,5.38655193176284,0.128032473,0.709378355,0
"Nl_03","Nl_03",1,13.12965,52.47737,"N",963.66,0,0.005145043,0.002390845,0.010569636,">8.5 - 9.0",1,0.96,7.32,0.709151715,0.03896773,0.010475532,14.27,34.09,0.0607,0.01633375,0.00031975,0.01347125,0.00562125,0.06,48.15,197.6751795,18.19570923,68.20000458,0,NA,85,50,10,40,20,0,15.55840432,18.54935614,NA,0,11.33173089,11.53805783,NA,0,0.031013792,0.053148118,NA,0,3,3,NA,0,6.11009,27.46143,212.15543,151.1478975,0,0,0,0,6359.933193,0.08011225,FALSE,1.98096384356445,0.495195228702079,0.974632541461745,6,2.44244999831981,0.590575037078379,1.15656336973666,6,1.5856338955909,0.369337396998983,0.778342225586393,7,0.412274736484189,0.321843683362199,0.217094598651164,0.260115606936416,0.0889505140809114,0.050791490724249,0.0809448566914015,0.198504309870153,0.136734775560848,0.000330019801188071,0.00204230780782284,0.00372230783085513,19.6518342391304,11.429347826087,28.7554347826087,22.3567163099405,14.4089146624964,8.79971675353202,4,37.5,39,27,5,7,12,33,85.9,3.2,7.3,10.5,93.1,0.891078838174274,0.033195020746888,0.0757261410788382,0.108921161825726,0.965767634854772,0.692307692307692,0.128205128205128,0.179487179487179,0.307692307692308,0.846153846153846,0,6.87073853530286,-1.61694446689839,-6.19367483219464,5.01825881110557,8.75777315203372,0.040154743,0.210163829,0
"Nl_05","Nl_05",1,13.47589,52.45935,"N",11625.59,0.092779945,0.008277208,0.004275217,0.010999645,">9.0 - 9.5",2,0.95,5.065,0.714499563,0.049172176,0.010830039,72.96,88.97,0.17515,0.0707625,0.00515375,0.01022375,0.00822375,0,46.7,154.7911347,14.52864075,66.11255074,2,135,40,40,1,2,15,26.21031426,43.2063175,41.54472009,45.69246063,34.24013813,67.957262,49.17456817,58.1669784,0.062046735,0.366018127,0.367592504,0.447552457,3,5,4,6,0.3614,9.45867,30.43616,916.38853,86.23795703,0,0.25374,0.91532,145.51814,312.3541219,0.19875125,FALSE,1.70089857897261,0.41207546860082,0.818923091509046,6,3.92386159783669,0.745149013270162,1.41614071783068,5,1.39436567885951,0.282828016236078,0.599476199195794,7,0.718341550246507,0.250350056008961,0.16015042858143,0.159224776743302,0.0233737397983677,0.0140126624058571,0.315309459283779,0.130980956953112,0.110611016093058,0.0144504335130054,0.00336053768602976,0.00381072403756714,20.2099222524155,13.6614130434783,27.9341304347826,22.2993410606668,16.1922820346592,9.31815763544998,7.5,37,36,25,4,7,11,32,49.5,2.3,17.1,19.4,66.6,0.718432510885341,0.0333817126269956,0.248185776487663,0.281567489114659,0.966618287373004,0.694444444444444,0.111111111111111,0.194444444444444,0.305555555555556,0.888888888888889,0,9.36096398185586,-2.03270333311789,-5.69565429220566,4.4571104175248,5.74413755026679,0.033981865,0.641534724,26.625
"Nl_09","Nl_09",1,13.37276,52.48854,"N",1901.76,0,0.002754267,0.001014863,0.002766646,">10.0 - 10.5",3,0.93,6.76,0.471307918,0.01960176,0.009611403,12.81,12.578,0.05145,0.127925,0.0036575,0.0070725,0.02504,0.01,36.25,28.06817485,24.10526943,48.9981823,0,NA,75,40,40,30,20,49.02856021,56.65716858,62.49441946,63.13079393,4.187672341,101.1527812,125.783157,104.3926314,0.068642656,0.642785989,0.92134796,1.102627962,4,6,6,6,0.54343,10.90654,48.70831,1226.34806,70.54378217,2.58122,8.42965,13.87872,109.95057,15.0753334,0.08722,TRUE,5.1053347110164,0.804126456617589,1.85909472462799,11,4.42586871925036,0.774055656994413,1.55773709338552,6,5.43040603643312,0.815851707350997,1.86044680721983,11,0.816370619299088,0.823594718943789,0.69936125906051,0.103186509841575,0.0809561912382476,0.205358215530015,0.174077852456393,0.155661132226445,0.13026110287934,0.171377420387262,0.0846569313862773,0.0662468463417564,20.5260099637681,14.3142391304348,28.5597826086957,22.4368579771035,16.8904294492009,9.18715514115443,8.5,37,29,21,4,4,8,24,43.7,3.1,3.2,6.3,46.8,0.874,0.062,0.064,0.126,0.936,0.724137931034483,0.137931034482759,0.137931034482759,0.275862068965517,0.827586206896552,1,7.5505350521783,-1.86007386376255,-2.46914829086948,4.25623354075076,2.71305985845493,0.007295463,0.349618015,0
"Nl_14","Nl_14",1,13.38538,52.53438,"N",602.17,0.014442817,0.001646794,0.000430059,0.001361672,">10.0 - 10.5",4,0.86,7.245,1.060434282,0.036825435,0.015726061,57.37,34.95,0.21715,0.03885,0.000795375,0.01041125,0.007125,0.03,64.05,142.2276169,28.8163805,67.92723656,0,NA,75,55,10,30,10,33.92417996,62.77824415,71.15972722,62.52566822,19.57033212,105.276738,112.8813013,106.2992733,0.15929378,1.095209924,1.279300111,1.046607203,3,6,6,6,0.44362,9.81369,44.83812,1136.76085,49.33403221,0,0,0,144.91583,1309.294245,0.235481625,TRUE,3.53920180916121,0.717450415680874,1.40583764863268,8,2.43857540469351,0.589924511632772,1.08722608794727,5,3.27372836258425,0.694537881814174,1.47070994868523,10,0.877002940646942,0.433199679230152,0.454455366258934,0.638670507511653,0.352886928628709,0.310043842966107,0.238092380323671,0.0625200481154772,0.101759724530039,0,0.00572373696872494,0.0761946707773618,20.3864734299517,14.4347826086957,28.6847826086957,22.1827716892859,16.9003608155265,10.2612832726057,9,38,32,20,6,6,12,26,34.6,32.3,2.4,34.7,37,0.499278499278499,0.466089466089466,0.0346320346320346,0.500721500721501,0.533910533910534,0.625,0.1875,0.1875,0.375,0.8125,1,6.40053979747028,-2.7722680038278,-5.16313337069791,3.89861415141458,7.17724352674555,0.006975067,0.049890512,66.5
"Nl_16","Nl_16",1,13.48428,52.63044,"N",22295.49,0,0,0.000246298,0.002679122,">7.5 - 8.0",1,0.95,6.62,0.890701652,0.069741994,0.016981997,122.22,32.72,0.28575,0.14435,0.00463375,0.019675,0.01271625,0.04,42.3,31.48148301,12.77587891,52.44220734,0,NA,99,50,30,50,10,6.205673136,10.042086,18.95492434,18.12829691,0,0,27.79578643,11.61431313,0.00623518,0.024413237,0.160805546,0.089028451,2,2,3,3,0.42382,5.10407,26.86578,450.91561,50.16975662,0.58692,2.52188,5.68659,53.72275,99.50412315,0.322775,FALSE,1.76876523334704,0.43463384447709,0.869251008690266,7,3.11819853916375,0.679302011260584,1.26929123389471,5,1.6298542078159,0.38644818953466,0.86105549701682,7,0.666529942575882,0.266507287113263,0.205513433492708,0.0161067648412333,0.0188254593832211,0.0403104807249885,0.485493907441125,0.178531774214522,0.12641286734551,0.0636067148202245,0.0102029588580688,0.0138335967351511,19.3005495169082,12.8170652173913,26.5136956521739,21.3185872504905,15.2932566322177,8.91558356758802,5,38,30,20,3,7,10,27,67.5,2.1,4.3,6.4,71.8,0.91339648173207,0.0284167794316644,0.0581867388362652,0.0866035182679296,0.971583220568335,0.666666666666667,0.1,0.233333333333333,0.333333333333333,0.9,0,10.012139694842,-1.72298868679973,-4.58507751663378,3.91541238737816,4.60019908199946,0.023541444,1.694038449,0
"Nl_18","Nl_18",0,13.28318,52.56943,"N",1997.52,0,0.005716165,0.05467964,0.018884828,">8.5 - 9.0",2,NA,NA,NA,NA,NA,NA,NA,NA,NA,NA,NA,NA,NA,NA,NA,NA,NA,0,NA,95,50,3,60,30,0.940808324,12.34553491,23.45986982,32.53994179,0,9.284352764,28.0752832,28.38867219,0.002465691,0.059537301,0.207026703,0.303360185,2,3,3,3,0,3.71146,24.68307,742.57911,125.3609776,0,0,0,31.323,2389.326857,NA,FALSE,1.6304572917406,0.386675133984991,0.738815782366063,6,1.23699258048213,0.1915877138,0.341881386370522,3,1.94853370917479,0.486793584688098,0.979245731202752,7,0.10729,0.232590264361718,0.305768172494872,0.00014,0.109398304321278,0.136134874180799,0.10715,0.11771653937398,0.137435589574266,0,0.00134132791463549,0.00393216268947921,NA,NA,NA,NA,NA,NA,NA,NA,35,26,4,5,9,30,67.7,4.1,5.1,9.2,72.7,0.88036410923277,0.0533159947984395,0.0663198959687906,0.11963589076723,0.945383615084525,0.742857142857143,0.114285714285714,0.142857142857143,0.257142857142857,0.857142857142857,0,7.59966169010595,-2.13947575314394,-6.61409517464564,4.83119739635814,7.77876695546401,0.456082811,0.254516317,38.28571428
"Nl_55","Nl_55",1,13.35797,52.45722,"N",952.96,0,0.001399805,0.003718002,0.003133507,">9.5 - 10.0",3,0.78,7.125,0.902345479,0.061935041,0.018178981,120.27,47.24,0.26375,0.0512125,0.00623875,0.0123725,0.01302375,0.03,66.7,129.4391361,14.56920433,49.61665535,2,180,98,60,60,20,10,26.85547087,32.38531242,38.71451065,53.3304104,0.200660499,28.63120099,39.30213631,76.07812335,0.061213937,0.201004985,0.343570587,0.652734306,3,3,4,6,0.45225,7.46925,33.60808,1074.26154,7.979829314,1.03388,5.21443,9.7484,77.77013,17.38241564,0.295385,FALSE,1.89979301058817,0.473626866491944,0.766611460876364,6,2.07433002250459,0.517916633731899,0.776390189086394,3,1.99820451874246,0.499550726354409,0.830912037759209,6,0.539526185785574,0.344013946917551,0.368446329944769,0.0202606078182345,0.0166320999529091,0.0204914752261266,0.519265577967339,0.327381846964642,0.347954854718642,0,0.000891721021571633,0.00376210677979669,20.5246829710145,13.7663043478261,30.4673913043478,22.8201439558024,16.087859226957,9.61788638243672,8.5,39,49,33,3,13,16,45,89.8,4,18.5,22.5,108.2,0.799643811219947,0.0356188780053428,0.164737310774711,0.200356188780053,0.963490650044524,0.673469387755102,0.0612244897959184,0.26530612244898,0.326530612244898,0.918367346938776,0,6.85957293005559,-1.11662806162798,-7.02235723038826,2.07691702200991,2.85545909982235,0.012147518,0.118154604,81
"Nl_56","Nl_56",1,13.37576,52.51426,"N",12718.93,0.106997503,0.014553069,0.004407312,0.002282039,">9.5 - 10.0",3,0.78,5.535,1.401639521,0.08833421,0.017893433,34.67,33.87,0.0954375,2.6625,0.0089825,0.075075,0.0263625,0.04,31.75,40.81522676,15.86705732,78.48289108,0,NA,93,90,40,1,3,13.76469486,54.40205243,60.9137119,66.00193863,0,12.98569312,20.89262886,114.6452134,0,1.259497605,1.454578361,1.190393234,1,5,5,6,0.41661,15.63168,54.10123,1249.4293,102.9961364,1.05202,4.67246,11.66415,154.12902,1.107047368,0.2058575,FALSE,1.48020711611222,0.324418867390321,0.645334628817435,6,1.87659513189987,0.4671200074,0.662787163970414,3,1.7130459895445,0.416244510594895,0.88417093804374,9,0.37119,0.191527661106444,0.248079985486504,0,0.0320612824512981,0.0926142433832571,0.37119,0.152016080643226,0.141083271180633,0.00041,0.00694027761110444,0.0147352294946481,20.1688179347826,14.2170652173913,27.81,21.9609774065869,16.5916733152932,9.70485484640556,9.17,38,26,18,0,8,8,26,86.6,0,40.3,40.3,126.9,0.682427107959023,0,0.317572892040977,0.317572892040977,1,0.692307692307692,0,0.307692307692308,0.307692307692308,1,0,9.45084671385901,-1.88376897002619,-4.9704135036634,4.63469147684648,0.101696442332283,0.0037802,0.043314309,13.03225806
"Nl_200","Nl_200",1,13.37698,52.53825,"N",5476.94,0,0.000312974,0.002422632,0.001650589,">10.0 - 10.5",4,0.92,6.98,1.804831862,0.102691524,0.022842186,76.21,69.21,0.20545,0.1062125,0.001914125,0.0149075,0.00969,0.05,NA,133.3023845,17.57539463,79.02389908,0,NA,100,70,25,50,15,39.33553015,61.55944794,65.18198881,60.80544631,90.91327873,93.2347972,83.54934463,96.90962667,0.367555113,0.766827336,0.992554259,0.989727683,5,6,6,6,0.67012,12.17065,45.4422,1140.0868,36.93540597,0,0,3.64523,139.92195,791.8693652,0.231961625,TRUE,1.42003292518283,0.295790976204831,0.639150402126695,6,1.09553605492954,0.0872048478,0.185623607995671,2,1.32063000083003,0.242785640662796,0.550105890846395,6,0.04569,0.165726629065163,0.13257530301212,0,0.0820132805312213,0.0572422896915877,0.04569,0.0740829633185327,0.0697527901116045,0,0.0129005160206408,0.0201308052322093,20.4727823067633,14.3567391304348,28.57,22.4130349159415,16.7075976104826,9.7663173979426,9,38,29,21,1,7,8,28,85.7,0.1,6.4,6.5,92.1,0.929501084598699,0.00108459869848156,0.06941431670282,0.0704989154013015,0.998915401301518,0.724137931034483,0.0344827586206897,0.241379310344828,0.275862068965517,0.96551724137931,1,8.6083018298214,-2.60256968784419,-4.35048796681449,3.6091706023918,6.67439643528055,0.00916758,0.09171458,42.15384615
"Nl_205","Nl_205",1,13.25248,52.50828,"N",5361.71,0.008429909,0.00558484,0.009371608,0.006713941,">9.0 - 9.5",1,0.63,6.675,2.360154629,0.131562144,0.068257738,8.68,51.91,0.3895,0.2195,0.00451375,0.01784125,0.00971875,0.05,67.25,61.56158879,17.94246674,34.60424232,0,NA,60,55,10,10,15,50.46938347,38.18809517,40.91086535,38.12025145,26.69330429,31.23799594,34.27610206,41.24957413,0.299193365,0.29972232,0.410969518,0.506621143,4,4,5,5,2.99051,17.01431,52.36309,855.29501,8.426735388,0.29621,2.74928,9.20097,131.46284,322.76178,0.42157375,FALSE,1.45163190436418,0.311120128323438,0.649851270823988,6,1.76841029298933,0.434520368963927,0.835671931377059,4,1.4363507715681,0.303791232758364,0.704101720159065,8,0.234232342323423,0.130652260904362,0.14264601680332,0,0.00341136454581833,0.00863447717380302,0.234232342323423,0.127240896358543,0.115942909201336,0.0767407674076741,0.0232693077230892,0.0615345682761413,19.8374471618357,14,27.8260869565217,21.6500456897625,16.3568102879017,9.51738618379454,8,36.5,26,18,2,6,8,24,78.2,5,7.1,12.1,85.3,0.866002214839424,0.0553709856035437,0.0786267995570321,0.133997785160576,0.944629014396456,0.692307692307692,0.0769230769230769,0.230769230769231,0.307692307692308,0.923076923076923,0,8.58703823303639,-2.0616731674974,-3.76062005187028,2.13140943579881,5.7769145278988,0.055313447,0.414169446,32.76923076
"Nl_206","Nl_206",1,13.3465,52.56343,"N",14953.2,0,0,0,0.012630373,">9.5 - 10.0",3,0.86,6.36,0.84468773,0.059227636,0.01006105,24.32,55.95,0.1028375,0.268375,0.001685375,0.00989,0.00708625,0.06,28.95,41.84661025,14.25430775,83.93054199,0,NA,98,80,10,40,20,28.25263614,39.02503405,42.72817421,51.47404187,56.87460482,74.20640794,85.48716404,73.52943938,0.281575179,0.455300578,0.520345965,0.615885301,4,6,6,6,0.71559,12.6628,37.39756,1012.6776,82.1230544,0,0,0,103.05409,1640.299557,0.121499125,TRUE,1.88635622125395,0.46987743421269,0.911615751606304,6,2.08311603477317,0.519949929189188,0.803349777854961,4,1.81572760181647,0.449256596088759,0.891352831507798,7,0.459239184783696,0.304114221679707,0.280334937324303,0.00426008520170403,0.0461349128529406,0.0277513780650067,0.454979099581992,0.242260820843255,0.230434478136036,0.0224204484089682,0.0367098233045845,0.0232695405116098,19.8602536231884,13.6986956521739,28.063152173913,21.8011023436084,16.0493940115107,9.1839377077706,7.5,37.5,29,20,1,8,9,28,119.5,0.1,7.4,7.5,126.9,0.940944881889764,0.00078740157480315,0.0582677165354331,0.0590551181102362,0.999212598425197,0.689655172413793,0.0344827586206897,0.275862068965517,0.310344827586207,0.96551724137931,1,9.61268060273682,-1.41774036112524,-3.30471089476244,4.40821878580877,7.40263416084586,0.020066034,0.525905489,20.18918918
"Nl_208","Nl_208",1,13.55584,52.43955,"N",5574.87,0,0,0.006356654,0.015959954,">9.0 - 9.5",3,0.74,6.885,2.951948047,0.193259113,0.038702602,8.9,144.56,0.419875,0.302625,0.002417875,0.0228675,0.009215,0.06,116.65,59.90295113,15.28116035,76.27793884,10,225,90,70,5,25,15,53.94574838,51.75384685,46.60262085,33.26806422,97.06460813,89.3238856,59.20918214,26.89885926,0.497007582,0.499285925,0.395065955,0.220240929,6,6,5,3,1.1357,14.91607,47.28132,788.67885,17.23175448,0,2.87079,5.57242,95.19649,221.1376353,0.454375375,FALSE,3.17629221912805,0.685167506321405,1.44321281389631,8,2.70307080567656,0.630050386434584,1.12303412021513,4,2.48318465324818,0.5972913256,1.20783286854097,8,0.540354676049843,0.483689291251938,0.4247,0.480396579551492,0.191697093982894,0.09462,0,0.254899214725154,0.30512,0,0.00907317561146401,0.02107,20.4933574879227,13.8315217391304,28.9619565217391,22.5539063590389,16.5018471167963,9.14920765764975,7,37,33,25,1,7,8,31,97.2,1,5.4,6.4,102.5,0.938223938223938,0.00965250965250965,0.0521235521235521,0.0617760617760618,0.989382239382239,0.757575757575758,0.0303030303030303,0.212121212121212,0.242424242424242,0.939393939393939,1,8.62602427767079,-1.36688704832214,-4.7024329535908,2.84675387240167,5.39878529183107,0.08759891,0.418514992,69.64285714
"Nl_211","Nl_211",1,13.45144,52.43653,"N",1061.22,0,0.000655139,0.006352066,0.007011706,">9.5 - 10.0",3,0.83,6.94,1.594648778,0.11129323,0.029578917,26.78,54.57,0.324625,0.1804125,0.00911,0.02758125,0.0127125,0.05,88.65,92.94528241,14.33913708,54.12639046,0,NA,98,98,6,5,25,49.31159208,44.01499079,43.67044905,44.97699548,91.10796316,67.77697975,67.53910455,52.60706782,0.465492091,0.536172325,0.532170042,0.383851264,6,6,6,4,1.39928,11.50374,41.35722,858.08135,5.697389463,0,0,0.9778,50.4292,902.1294677,0.37402875,FALSE,2.48147762466412,0.597014299036706,1.1634599698053,8,2.34745958658295,0.5740075758,1.06504668443567,6,2.10903184586135,0.525848790779358,1.1364504702688,8,0.94028,0.424296109459608,0.297287023328398,0.57871,0.254691769510254,0.141630987155376,0.35545,0.158013792551222,0.146022568124525,0.29833,0.120409572711167,0.0964147092953463,19.6271724033816,14.015,26.1666304347826,21.2816433406203,16.3301804207871,9.78256947584017,9,35,28,21,2,5,7,26,121.7,5,7.1,12.1,128.8,0.909566517189835,0.0373692077727952,0.0530642750373692,0.0904334828101644,0.962630792227205,0.75,0.0714285714285714,0.178571428571429,0.25,0.928571428571429,0,6.96717446867476,-1.84507295513714,-2.11685624170014,1.74000808098417,6.80475804379808,0.013637962,0.666006179,46
"Nl_214","Nl_214",1,13.49902,52.43429,"N",1456.5,0,0,0.008355462,0.012174393,">9.0 - 9.5",2,0.98,7.055,1.960597456,0.145004444,0.030459178,89.02,32.29,0.0684625,0.02653625,0.000557,0.00874875,0.0075775,0.07,87.65,73.82432101,13.52064991,64.37479973,2,270,85,60,35,10,20,64.03434088,54.18341128,49.52155331,41.50513725,25.90043025,39.17698675,38.5201815,39.57165414,0.160573811,0.332217566,0.282340798,0.306571948,4,4,4,4,2.88964,17.85604,49.77303,877.54681,6.571701331,0,1.20663,2.1337,70.71534,233.9112408,0.08534575,FALSE,1.21814236690431,0.179077891739927,0.412590937727737,5,1.61044181873823,0.379052389,0.727799464323666,4,1.62055662865896,0.382928074023851,0.847191408425825,7,0.84843,0.938929389293893,0.84917872076506,0.77081,0.917049170491705,0.790598803593222,0.01864,0.003170031700317,0.0439349378788788,0.01864,0.003170031700317,0.04340475761759,19.0161722524155,14.0202173913043,24.6182608695652,20.4642066488399,16.1080117295433,9.96991917619024,8.96,36,34,20,3,11,14,30,70.7,9,36.6,45.6,107.2,0.607910576096303,0.0773860705073087,0.314703353396389,0.392089423903697,0.921754084264832,0.588235294117647,0.0882352941176471,0.323529411764706,0.411764705882353,0.882352941176471,0,7.28379157639949,-5.75401369104295,-5.75401369104295,1.8827727534637,5.45494173057988,0.134681225,1.929706295,0
"Nl_220","Nl_220",1,13.35497,52.47755,"N",6196.84,0,0.00150782,0.002561565,0.003363778,">10.0 - 10.5",4,0.89,6.905,0.222762987,0.018577552,0.003011802,2.58,0,0.0641375,0.1484,0.00751375,0.00806625,0.00986375,0.01,74.35,20.40237219,11.97902918,74.72245789,0,NA,97,50,20,30,25,70.30861711,67.58884996,64.39172292,58.87012821,4.201730453,54.55714629,86.10927346,90.09973103,0.399988159,0.726977195,0.792745661,0.937946986,4,5,6,6,2.21454,24.70289,67.58223,1169.99169,28.83455601,0,0.22437,9.59651,86.4921,444.0999411,0.08958125,FALSE,2.01049078698387,0.502609011454266,1.1774159845081,10,2.32599647320599,0.5700767342,1.15444029889669,7,4.16072632913795,0.759657348045963,1.7341364319295,10,0.90393,0.948581985220691,0.842556902069977,0.62407,0.724355901737567,0.486053171355245,0.01034,0.0647094068304374,0.200120889029816,0,0.0551428000798882,0.151487826871055,20.5896739130435,14.1521739130435,28.2228260869565,22.5357475886429,16.8429594396736,9.45471474108429,8,36.5,15,14,1,0,1,14,61.4,0.1,0,0.1,61.4,0.998373983739837,0.0016260162601626,0,0.0016260162601626,0.998373983739837,0.933333333333333,0.0666666666666667,0,0.0666666666666667,0.933333333333333,1,8.73179476368414,-2.73784869653762,-2.89782909339384,3.36157452934176,6.09604962967026,0.020408165,0.179474884,4.466666666
"Nm_02","Nm_02",1,13.6585,52.45443,"N",238.55,0.018621087,0.004368959,0.023698848,0.013201949,">8.5 - 9.0",1,0.52,6.125,0.985292375,0.068071105,0.0094999,22.89,26.44,0.0829125,0.23865,0.001993875,0.01338375,0.0077225,0.05,32.1,46.73981662,14.47431612,103.7757339,0,NA,85,65,30,65,25,6.543082066,3.452876791,4.867464857,12.7368428,0,0,0.069314337,8.977020062,0,0.000361528,0.016449413,0.068694308,1,2,3,3,0,0.68951,5.4289,373.27275,367.1522971,0.42,2.02149,4.02188,29.83027,21.40698767,0.106012625,FALSE,2.74318901874131,0.635460774606468,1.29416431695675,7,3.25754336246748,0.693020203039589,1.31166356108014,5,2.55005749842176,0.607851979565597,1.23910309669066,7,0.763447544893092,0.811514653739057,0.717328877460152,0.482226208189804,0.582423526112302,0.58697457550804,0.251656101587819,0.19611771069132,0.114265131124741,0.251656101587819,0.170586349886817,0.0863592247581121,19.0929574275362,13.0163043478261,27.6521739130435,20.9449183155389,15.4571573636582,9.0430182442369,6,37.5,39,28,2,9,11,37,104.2,1.1,7.3,8.4,111.5,0.925399644760213,0.00976909413854352,0.0648312611012433,0.0746003552397869,0.990230905861457,0.717948717948718,0.0512820512820513,0.230769230769231,0.282051282051282,0.948717948717949,0,5.47457893196212,-1.62904023526683,-1.76851365951249,5.90577674044893,3.0637173953651,0.125142252,0.202495898,66.06696607
"Nm_03","Nm_03",0,13.39376,52.6339,"N",8739.39,0.017140575,0.012785363,0.025915764,0.005619048,">7.5 - 8.0",1,NA,5.235,1.105176866,0.102461018,0.0219759,64.79,69.38,0.34425,17.86625,0.0650625,0.0572,0.2499,0.05,22.25,57.43476644,10.78417826,50.23843193,3,360,100,70,50,70,40,0,1.417095738,6.722958347,19.24632478,0,0.374063905,2.685446559,15.76929729,0,0.002867167,0.019769853,0.118777748,0,3,3,3,0,0.91818,9.87838,396.72256,490.7655308,0,0,0,44.92078,1223.293846,0.7164125,FALSE,4.49076539034928,0.777320809911599,1.61540768181717,7,3.04336000753204,0.671415804398727,1.26787818653628,6,4.1171635202,0.757114334882812,1.65829956813732,8,0.916040853109042,0.689733125275077,0.578625037526268,0.482206868929608,0.241747689353019,0.153577504252977,0.234364674076299,0.200246068899292,0.181426998899229,0.234364674076299,0.140389309006522,0.120944661262884,19.4791289251208,12.0923913043478,29.3532608695652,22.0253543994504,14.5120877915326,8.99113246248298,4.5,38,9,8,0,1,1,9,65.3,0,1,1,66.3,0.984917043740573,0,0.0150829562594268,0.0150829562594268,1,0.888888888888889,0,0.111111111111111,0.111111111111111,1,0,9.07559567216352,-1.60820832419119,-1.96333593696693,6.19596647972662,7.10930237338543,0.096370813,1.706683942,85.61904761
"Nm_05","Nm_05",1,13.56144,52.42789,"N",10364.46,0.05248831,0.021738411,0.01267214,0.01336438,">8.5 - 9.0",3,0.86,7.16,0.715810895,0.040399365,0.010665995,31.04,35.76,0.18,0.0602375,0.002417375,0.008375,0.00842875,0.02,70.8,105.6974992,17.71742821,67.10822296,0,NA,99,75,70,60,20,26.41920407,42.11579112,38.64424533,32.05067189,0.008135122,4.080392181,14.6381803,26.50054206,0.057973162,0.149448143,0.19381211,0.216822046,3,4,4,3,0.57006,12.95063,44.97156,781.05032,66.38061514,1.16519,6.20178,14.54295,98.31679,41.13880359,0.199221125,FALSE,1.90455109589669,0.474941889375151,0.889784950966126,6,1.61830469044292,0.3820693928,0.573074202541847,3,2.74866382641721,0.636186866364277,1.13813528129902,7,0.7435,0.779249359795134,0.586532498449597,0,0.00656209987195903,0.0147238281953308,0.74306,0.746658930857875,0.561525996759157,0.74306,0.687069862355954,0.417778622441835,20.2230525362319,12.5815217391304,29.6467391304348,22.8551405630422,15.1050085538748,7.81783449374816,5.5,38.5,28,18,4,6,10,24,84.6,5.2,4.2,9.4,88.8,0.9,0.0553191489361702,0.0446808510638298,0.1,0.94468085106383,0.642857142857143,0.142857142857143,0.214285714285714,0.357142857142857,0.857142857142857,0,9.24613792510461,-0.292146783313035,-0.375319299999998,4.19540507319677,3.71695180237267,0.067755556,0.572629383,0
"Nm_07","Nm_07",1,13.37353,52.51451,"N",451.7,0.136446389,0.019963432,0.006131005,0.001938268,">9.0 - 9.5",3,0.63,5.235,2.190012455,0.131113149,0.023573244,32.88,49.98,0.1515,3.8925,0.01367125,0.10385,0.04425,0.06,25.1,51.6588233,16.70304203,92.90772247,0,NA,98,60,60,5,3,7,41.16516296,57.06487251,65.99422483,0,2.951166406,12.19423446,114.3221127,0,0.791756111,1.245920654,1.199127721,1,5,5,6,0,8.49535,43.31961,1198.22432,157.8314668,0.37769,4.05428,10.25612,149.41053,61.35647503,0.31327125,FALSE,2.10843803587509,0.525715253194548,0.989866094255046,7,2.92767465826297,0.658431992374004,1.19385999277466,6,2.05741913277605,0.51395416516288,1.01512735156754,7,0.831318313183132,0.352668793567292,0.333806747147015,0.019490194901949,0.0099910990208923,0.0150925657361751,0.424774247742477,0.221424356679235,0.20300451076683,0.403054030540305,0.204222464471092,0.168138583559205,20.3989281400966,14.4347826086957,29.7445652173913,22.2950716058294,16.7477012867442,9.77019078269678,9.5,38.5,27,14,2,11,13,25,63.6,0.2,21.2,21.4,84.8,0.748235294117647,0.00235294117647059,0.249411764705882,0.251764705882353,0.997647058823529,0.518518518518518,0.0740740740740741,0.407407407407407,0.481481481481481,0.925925925925926,0,6.11301824266056,-1.50767425265716,-1.58854536720113,5.06152779791133,4.11670070804899,0.004106843,0.037990506,10.8091514
"Nm_09","Nm_09",1,13.35908,52.46165,"N",742.45,0.043606289,0.01398305,0.003666703,0.003060143,">9.5 - 10.0",1,0.68,5.46,2.046596813,0.0600341111,0.0397189409,12.89,139.62,0.1619125,3.074725,0.0081325,0.065725,0.04382375,0.29,NA,257.0012283,34.08472824,51.52433586,0,NA,99,50,60,30,15,17.60066889,32.73133882,40.92172245,54.96605559,0.121070231,17.0689831,36.23162251,80.86479752,0.075668897,0.286325495,0.367756897,0.727891822,3,3,4,6,0,4.46767,33.83281,1100.95918,197.6257809,0.96976,5.60127,11.07836,77.32437,49.77950234,0.27959375,TRUE,3.83743367329557,0.739409176773809,1.62702518142669,9,3.87213825983803,0.741744758865653,1.54321666833548,7,5.68251014774126,0.824021431726349,1.93693167408563,11,0.865411268454354,0.765954458822349,0.683557870486302,0.184392889424525,0.106620523623232,0.0880352581759904,0.494235211409059,0.472223894071622,0.313717634096259,0.419011750527267,0.428678904604273,0.215335303250363,18.8967783816425,13.5839130434783,26.3164130434783,20.5244758965176,15.7753343999021,8.66240048515676,7.5,35.5,25,21,0,4,4,25,75.9,0,3.1,3.1,79,0.960759493670886,0,0.0392405063291139,0.0392405063291139,1,0.84,0,0.16,0.16,1,1,6.60995552834207,-0.750302054019197,-0.847047114416631,5.28637524694498,3.90760329970185,0.018649587,0.168047399,29
"Nm_14","Nm_14",1,13.52209,52.4688,"N",3378.39,0,0.010255929,0.018114932,0.014973258,">9.0 - 9.5",2,0.8,7.065,3.549409509,0.071336359,0.030936502,22.79,40.35,0.1992875,0.1663375,0.002226875,0.0515375,0.00725625,0.04,70.4,124.1919293,49.86868095,119.0381355,0,NA,85,50,5,50,10,9.751470681,30.44468626,38.00262164,40.5339152,0,19.876756,51.47828953,36.63711008,0,0.111104386,0.316936342,0.301535074,1,3,4,4,0,7.25655,34.19023,883.06333,226.5048055,0,0,0,201.3878,1244.308085,0.260308125,TRUE,4.31769393856445,0.768394885272373,1.58159661633397,6,4.40527131911429,0.7729992258,1.53941290604208,5,3.33078237293675,0.699770237729972,1.42364811114941,8,0.7163,0.704534383372574,0.554684034358995,0.23593,0.123244296500771,0.101302576924628,0.27929,0.327849719899326,0.312971327176675,0.27929,0.0681273849151579,0.0282897124652176,18.5572524154589,13.6484782608696,23.948152173913,19.8544154271533,15.9390770582423,8.34438763590834,5,37,19,13,1,5,6,18,69.2,0.1,2.3,2.4,71.5,0.966480446927374,0.00139664804469274,0.032122905027933,0.0335195530726257,0.998603351955307,0.684210526315789,0.0526315789473684,0.263157894736842,0.315789473684211,0.947368421052632,1,8.1251545436343,-1.11519994662905,-2.68637601868257,5.42276616103357,7.12633489938966,0.082806963,0.328972996,33.125
"Nm_50","Nm_50",0,13.22444,52.50058,"N",7359,0.039539224,0.022079139,0.008872284,0.007385917,">8.5 - 9.0",1,NA,NA,NA,NA,NA,NA,NA,NA,NA,NA,NA,NA,NA,NA,NA,NA,NA,0,NA,65,60,5,10,20,6.997591843,3.473909307,9.519730503,27.46433308,0,0.407319306,9.733558809,23.77820698,0.013588154,0.008884625,0.099411324,0.290668251,2,3,3,3,0.26136,1.40191,13.99413,589.30742,64.05992484,0,0,0,125.50057,2399.753197,NA,FALSE,1.87330321024231,0.46618358708164,1.10899998355094,9,4.28153575759054,0.766438947,1.50305685650144,5,1.63642662631744,0.388912412009349,0.969221645620123,9,0.79635,0.914810851891481,0.906359063590636,0.28492,0.728042719572804,0.791677916779168,0.20446,0.0996190038099619,0.0779007790077901,0.20446,0.0608893911060889,0.024350243502435,19.5799365942029,11.7336956521739,29.3967391304348,22.3531159639909,14.1990561883862,8.85976532481728,4.5,37,42,29,3,10,13,38,77.1,8.1,6.7,14.8,83.7,0.838955386289445,0.088139281828074,0.072905331882481,0.161044613710555,0.910772578890098,0.69047619047619,0.0714285714285714,0.238095238095238,0.30952380952381,0.904761904761905,0,8.9036793329266,-2.306402331287,-2.79869632131165,4.15981897090527,7.78312117646487,0.073153401,0.379696748,18
"Nm_201","Nm_201",1,13.28078,52.50321,"N",1516.83,0.086817189,0.01091989,0.00841657,0.006837109,">10.0 - 10.5",4,0.81,6.795,0.64921695,0.040289581,0.008041054,8.24,19.004,0.1569625,0.15625,0.00295,0.007895,0.00771375,0.02,51.6,35.81733788,16.09171867,80.97080231,20,270,98,70,60,20,10,68.79231004,65.20484527,65.82899735,45.14312638,0.217990374,20.94982571,57.53376767,58.88984805,1.205358459,0.838906042,1.045263382,0.683354799,5,5,6,6,2.1399,22.6344,66.25053,959.36781,14.96653416,0.5874,6.40453,28.98938,128.89088,88.14413122,0.17552125,TRUE,2.83699132873792,0.6475139032431,1.23089834903844,5,1.23476087637167,0.1901265912,0.338879272248268,2,4.23032771168061,0.763611694375629,1.61706488781996,9,1,0.854957246130124,0.721469283088419,0,0.197538899012756,0.237471326541856,0.10638,0.130374271582194,0.135539061013112,0.10638,0.130374271582194,0.12140517474532,21.0331370772947,15.070652173913,28.9619565217391,22.8605045911035,17.4733714706057,10.4300039000942,10,38,26,21,2,3,5,24,101.3,0.2,4,4.2,105.3,0.960189573459716,0.0018957345971564,0.037914691943128,0.0398104265402844,0.998104265402844,0.807692307692308,0.0769230769230769,0.115384615384615,0.192307692307692,0.923076923076923,1,7.32437790978618,-2.03734595277408,-2.03734595277408,2.70581665258879,4.47897332942956,0.054768521,0.096532761,0
"Nm_202","Nm_202",1,13.22902,52.50694,"N",2452.21,0.008969782,0.012150553,0.013619369,0.007682634,">9.0 - 9.5",2,0.84,6.365,2.129833221,0.146754883,0.033021009,16.24,20.728,0.2199625,0.2139125,0.00352,0.01865625,0.00949,0.05,40.5,91.34269292,14.51270723,64.50411224,0,NA,80,65,10,40,15,51.53803811,32.64042579,24.57619334,31.95881931,36.73541229,28.66354317,17.01379616,31.78429866,0.391016251,0.30038052,0.212230943,0.358802147,4,3,3,3,1.98197,12.84443,27.54492,678.56451,14.25150592,0,0,0,130.86849,1847.986607,0.25162875,FALSE,2.86700367502248,0.651203795547224,1.33598531410797,9,4.30816843706771,0.767882798779187,1.57397318765359,6,2.88129010821778,0.652933247801781,1.35394329466701,9,0.602756027560276,0.478175178830474,0.392264362747063,0.044070440704407,0.0807763493572108,0.136040171591228,0.363913639136391,0.366364864188885,0.241630918494167,0.038720387203872,0.00543244460007003,0.00377861524275348,19.8292210144928,13.9927173913043,27.8736956521739,21.7017835821023,16.2346232237621,9.3983462781938,8.5,35,33,25,2,6,8,31,80,6,2.4,8.4,82.4,0.904977375565611,0.0678733031674208,0.0271493212669683,0.0950226244343891,0.932126696832579,0.757575757575758,0.0606060606060606,0.181818181818182,0.242424242424242,0.939393939393939,0,7.80474493776077,-1.00412554546134,-5.21536604375591,2.65686257972756,7.521852004881,0.073630212,0.559090897,0
"Oh_01","Oh_01",1,13.58918,52.47647,"O",5509.15,0.045179895,0.024153631,0.007080829,0.012778217,">8.0 - 8.5",1,0.91,7.41,0.813755482,0.053201804,0.011537437,7.14,41.07,0.130025,3.2825,0.0053075,0.01411125,0.00870125,0.04,63.15,116.7407481,15.30576992,70.86465836,0,NA,90,40,50,40,10,0.930842193,10.96370594,22.99557823,30.17806302,0.024205232,6.913974475,15.71979945,24.64113963,0,0.038515307,0.095401179,0.186438112,2,3,3,3,0,3.96326,27.20094,701.20011,245.0701083,0,0,0,73.98759,2004.893797,0.158145,TRUE,1.86412573553702,0.463555499000759,1.06289745577484,7,4.36708011570272,0.771014047485802,1.59204390826362,6,2.553382990077,0.608362707871786,1.34131693769905,11,0.571582917337762,0.231825500805089,0.338768829751765,0.359560228489111,0.0983708207902869,0.162994170480607,0.0435069677174098,0.0677174489193811,0.11995473787369,0.0435069677174098,0.0106711738291212,0.0126996635649986,19.91617602657,11.7880434782609,29.2391304347826,22.6904648300201,14.5172399868654,9.02004622029817,4,38,27,22,1,4,5,26,60.6,0.1,3.1,3.2,63.7,0.949843260188088,0.00156739811912226,0.04858934169279,0.0501567398119122,0.998432601880878,0.814814814814815,0.037037037037037,0.148148148148148,0.185185185185185,0.962962962962963,1,8.61416562527412,-2.69241139343414,-4.54020920761803,5.50154432593634,7.60334636926045,0.074600988,1.024125322,24.5
"Oh_02","Oh_02",1,13.57169,52.50037,"O",4377.89,0.104210158,0.033180369,0.009939033,0.008317581,">8.5 - 9.0",1,0.99,6.58,1.244972706,0.089311458,0.016751461,66.96,56.42,0.1171625,0.0393,0.000879125,0.01371375,0.0071975,0.07,41.55,22.16763712,13.9386344,74.79522705,0,NA,99,80,0,80,20,31.98678768,40.50267815,38.54347688,37.22406774,29.56213965,28.52876463,21.8240818,36.30797826,0.135029873,0.138162055,0.136970671,0.248780598,3,4,4,4,0.63213,13.76431,47.56707,895.01815,54.53652568,0,0,0,134.37166,1187.40511,0.138952875,TRUE,3.13789016365859,0.681314530514331,1.28609564947901,8,1.8446321681589,0.457886500484221,0.712427070830566,4,2.39317364612541,0.582144821952633,1.24156471091472,8,0.993789937899379,0.581508249015601,0.342541933806099,0.661326613266133,0.345043114190301,0.167225117274628,0.323483234832348,0.234820316004586,0.16651496814331,0.323483234832348,0.18220605093954,0.113973934526251,19.8732638888889,12.6032608695652,28.9619565217391,22.2227825423198,15.3983663484546,8.77507846179525,5.5,40.5,28,21,2,5,7,26,98,14,3.2,17.2,101.2,0.850694444444444,0.121527777777778,0.0277777777777778,0.149305555555556,0.878472222222222,0.75,0.0714285714285714,0.178571428571429,0.25,0.928571428571429,1,8.38432215213901,-1.44893467004984,-1.70261708428215,3.99887067315148,7.07952562534761,0.057209966,1.957021121,0
"Oh_03","Oh_03",1,13.20594,52.44694,"O",19057.63,0.277206653,0.065696386,0.019131776,0.005775519,">8.5 - 9.0",1,0.91,6.7,1.082863033,0.080089234,0.012077113,50.15,38.68,0.2112875,0.10145,0.0031475,0.0165675,0.00676875,0.03,62.7,65.20759152,13.51825857,89.66056061,0,NA,95,75,1,75,10,17.16886453,6.112956613,6.58697898,15.16962981,0,0,1.939076189,11.871585,0,0,0.018943751,0.106305071,1,1,3,3,0.72654,2.38515,9.2542,453.46468,126.8834206,0,2.3481,5.34365,35.16266,188.606386,0.23777125,TRUE,3.65748139062477,0.726587809151045,1.4951676623954,7,2.77911209434022,0.6401728444,1.24183621082078,5,2.65111942429629,0.622800847507864,1.24630085454882,8,0.77357,0.593647174132637,0.475362782650439,0.57967,0.183883904907638,0.0913782240401636,0.04389,0.325372298398792,0.352821753957856,0.04389,0.0420554672107374,0.0253922853056775,19.7907608695652,12.3260869565217,29.0815217391304,22.3731488885338,14.8071158310534,7.84675336194942,5,38,31,20,3,8,11,28,105.2,1.2,7.2,8.4,112.4,0.926056338028169,0.0105633802816901,0.0633802816901408,0.073943661971831,0.98943661971831,0.645161290322581,0.0967741935483871,0.258064516129032,0.354838709677419,0.903225806451613,1,9.85522282530053,-1.12278521874055,-3.16876588411245,4.84326871685479,5.23966222964733,0.015807513,0.030344549,22.22916666
"Oh_04","Oh_04",1,13.20171,52.58678,"O",4281.69,0.019584414,0.027434754,0.014480996,0.004477665,">8.0 - 8.5",1,0.71,5.015,0.752561986,0.05111813,0.015574119,77.03,30.53,0.0934125,0.874625,0.0070625,0.0498,0.01900875,0.12,17.2,20.26532602,14.73319149,48.32259941,0,NA,90,60,20,30,15,0.784108729,1.233163376,1.113355957,17.68439016,0,0,0.197829169,19.03965671,0,0.000738852,0.003520062,0.144905278,1,2,3,3,0.07167,1.33577,2.73574,385.71028,108.9645845,0,0,0,25.13261,2256.446641,0.16928375,TRUE,4.31600813420052,0.768304421839271,1.63167775009767,8,1.46634439011088,0.318031966607529,0.655199548433871,4,3.30863526387891,0.697760580950938,1.44669387303528,9,1,0.661131463575761,0.526494905210898,0.90709907099071,0.374321862550798,0.263567753688467,0.025080250802508,0.161581886973755,0.216333353352151,0,0.0737192961383701,0.0805857506055692,18.7449426328502,12.7173913043478,27.2282608695652,20.6584697307917,15.0045795808985,8.06248097416015,6,36,13,12,0,1,1,13,79.1,0,1,1,80.1,0.987515605493134,0,0.0124843945068664,0.0124843945068664,1,0.923076923076923,0,0.0769230769230769,0.0769230769230769,1,1,8.36210307045231,-1.82274322473564,-2.60749069399644,4.69102291658949,7.72154657218933,0.078472961,1.886215223,87.66666666
"Oh_07","Oh_07",1,13.61755,52.42034,"O",11159.68,0.535567246,0.055946811,0.016512482,0.011379513,">8.0 - 8.5",1,0.73,7.265,0.772260189,0.039668372,0.011012821,11.45,19.502,0.0878875,0.02179,0.001181625,0.01429125,0.00695625,0.02,55.35,159.9497244,19.4675808,70.20939636,0,NA,70,40,50,5,15,0,1.500315081,1.96829772,18.10067919,0,0,0.026249063,14.33584645,0,0,0.004712385,0.112300011,0,1,3,3,0,2.59467,6.5293,468.09505,221.1165791,0,0,0,72.6293,2779.547834,0.110316625,FALSE,1.60793823505102,0.378085564357347,0.81702195161591,7,1.75561999283372,0.430400653853391,0.810124475876311,5,1.65345145607886,0.395204500063469,0.877508420832655,7,0.269047811013465,0.217517604752031,0.202495547239288,0.165675642989599,0.0734942052067995,0.0548039784666493,0.0885370474885109,0.13526860394066,0.12695871440293,0.0873982101104571,0.0120303312598291,0.00845524225019512,19.5192481884058,12.8641304347826,27.9565217391304,21.7427570391085,15.1655185758951,8.887053173981,6,37.5,23,19,1,3,4,22,48.5,1,6,7,54.5,0.873873873873874,0.018018018018018,0.108108108108108,0.126126126126126,0.981981981981982,0.826086956521739,0.0434782608695652,0.130434782608696,0.173913043478261,0.956521739130435,0,9.32006256168907,-2.00049281847351,-4.42032421322927,5.39869006967454,7.93004354381551,0.10434264,0.515207325,43.89655172
"Oh_10","Oh_10",1,13.64302,52.45719,"O",1932.45,0.080436885,0.127442951,0.071949733,0.011683661,">8.5 - 9.0",2,0.44,5.51,1.379478574,0.077705823,0.011337642,2.95,22,0.1797375,28,0.0403875,0.334125,0.139825,0.06,14.5,74.40799618,17.74973202,121.8694763,0,NA,96,35,60,70,10,9.234289346,14.96974977,16.46243013,16.41520299,0.087760385,2.697037616,10.76605206,13.87343453,0,0.042818115,0.089872343,0.101542677,2,3,3,3,0.12203,4.03958,17.10092,418.78192,126.5213966,0.36807,2.05567,4.05357,30.43321,99.74679046,0.694075,FALSE,2.03900850361915,0.509565556874804,0.980023652499862,6,1.04154834330304,0.0398909408000001,0.0994368817234119,2,3.00133964245089,0.666815449389326,1.27898904794632,8,0.02036,0.340820224606738,0.595471426140402,0.02036,0.246937408122244,0.41421836054415,0,0.0826224786743602,0.152544069510205,0,0.00655019650589518,0.00525530786093955,18.9221391908213,12.8478260869565,27.7880434782609,20.7540007584276,15.339943057224,8.88865249660457,5,37,38,32,1,5,6,37,52,0.1,1.4,1.5,53.4,0.97196261682243,0.00186915887850467,0.0261682242990654,0.0280373831775701,0.998130841121495,0.842105263157895,0.0263157894736842,0.131578947368421,0.157894736842105,0.973684210526316,0,7.56654390690564,-2.49347349656351,-5.02826022888497,4.8404114369475,4.60263487941272,0.212498513,0.386778725,50.4
"Oh_12","Oh_12",1,13.09988,52.41562,"O",17655.77,0.40511162,0.053393742,0.020007662,0.004361787,">8.0 - 8.5",2,0.9,5.365,1.769120336,0.142303839,0.025364556,39.87,26.66,0.1612875,1.05375,0.00566625,0.044675,0.01456375,0.04,25.35,240.917559,12.43532896,69.77119827,2,180,96,70,35,40,12,7.514622049,6.692000501,7.25840813,NA,0.233340308,1.719878222,4.618112736,NA,0.000676009,0.024462439,0.049207299,NA,3,3,3,NA,0.18115,2.47823,12.33944,505.1895,197.3458148,0,0,0,36.99816,2613.926446,0.2261925,FALSE,1.36485702703692,0.267322525223772,0.64826602843864,8,2.29321432309286,0.563930859,1.09899433975771,5,1.78833567720413,0.440820863360848,0.930964154237993,8,0.89554,0.975009750097501,0.813886972088046,0.69259,0.898688986889869,0.752762693388537,0,0.013930139301393,0.0334423409638675,0,0.00647006470064701,0.0126808876621363,19.7708333333333,13.375,29.0108695652174,21.9017708514632,15.6464758121697,8.7839105974516,8.5,36,26,21,1,4,5,24,64.9,2,1.3,3.3,66.1,0.951612903225806,0.0293255131964809,0.0190615835777126,0.0483870967741935,0.969208211143695,0.807692307692308,0.0384615384615385,0.153846153846154,0.192307692307692,0.923076923076923,0,9.7788179211186,-4.27370049114042,-5.04056917041933,5.28495759489133,7.86860875530319,0.099306606,0.556806998,0
"Ol_03","Ol_03",1,13.63198,52.46215,"O",1830.69,0,0.004211459,0.013360742,0.008824053,">8.5 - 9.0",2,0.55,6.835,0.777844429,0.044054687,0.011566123,8.46,42.4,0.11485,0.1097625,0.00549625,0.01522,0.00594625,0.02,58.9,60.11668127,17.65383244,67.2482338,0,NA,85,60,20,20,30,0,7.392669123,14.70123078,18.17604397,0.118634714,2.722309868,9.761914776,15.34922023,0,0.022559473,0.072431878,0.115542885,1,3,3,3,0,3.30799,13.11711,444.89189,347.2114725,0,0,3.80644,31.9976,575.9798494,0.1415125,FALSE,2.70508344266895,0.63032563645676,1.29365440586039,7,1.92797830038506,0.481321963115312,0.854845254528558,4,2.44688081462567,0.591316424558675,1.15322773659785,7,0.822505084437069,0.811536264991433,0.725396221884255,0.684957149072659,0.582063382327893,0.590090450652365,0.134148192368791,0.202260362499624,0.118936604498519,0.134148192368791,0.151091606801126,0.0907908428720083,19.2346014492754,12.8641304347826,29.5869565217391,21.2895905794312,15.2188853104669,9.02909038873677,5.5,39,45,26,5,14,19,40,84,6.3,16.5,22.8,100.5,0.786516853932584,0.0589887640449438,0.154494382022472,0.213483146067416,0.941011235955056,0.577777777777778,0.111111111111111,0.311111111111111,0.422222222222222,0.888888888888889,0,7.51244822395062,-1.59819948826397,-1.88986895855846,5.84993402515504,6.35607267640339,0.135187568,0.812606009,86.71428571
"Ol_06","Ol_06",1,13.4916,52.58245,"O",23288.49,0.004021696,0.00595043,0.002466152,0.001391105,">8.5 - 9.0",1,0.96,6.46,0.465541467,0.031895648,0.004389329,2.76,24.49,0.0710625,0.031825,0.000807375,0.01166375,0.00833375,0.01,23.25,34.77509761,14.59626913,106.1495399,0,NA,70,50,40,20,10,10.0483963,11.89397981,15.83220475,35.35354676,0.126792997,12.23155805,28.86529068,33.78413172,0.019660836,0.071996822,0.14889299,0.250051098,3,3,3,3,0.95192,9.13082,31.60915,809.54682,195.6924376,3.12851,4.71818,6.70417,80.83235,8.360752085,0.091867375,FALSE,3.36053006379552,0.702427896487687,1.47725600733234,8,2.91499906271896,0.656946716453743,1.23267909645429,6,3.62818483920944,0.724380084169611,1.4898836429022,8,0.949249293890293,0.772227722277223,0.547654750479846,0.441801694663297,0.611766117661177,0.437669945617402,0.507447599226996,0.156251562515625,0.104036708253359,0.490500966255389,0.136831368313683,0.0926303582853487,19.3195342693237,12.9036956521739,26.8936956521739,21.3661362777314,15.4393500692393,8.52650509517173,5.5,35.5,20,13,2,5,7,18,59.1,0.2,6.2,6.4,65.3,0.902290076335878,0.00305343511450382,0.0946564885496183,0.0977099236641221,0.996946564885496,0.65,0.1,0.25,0.35,0.9,0,10.0557145260835,-1.85628799031563,-1.98900599954042,5.27654423083473,2.12354838537082,0.015095959,0.8222709,9.847457627
"Ol_11","Ol_11",1,13.61681,52.43841,"O",1949.16,0,0.005042118,0.001981011,0.011816619,">9.0 - 9.5",2,0.55,5.115,1.365962207,0.06166574,0.009220064,14.84,8.181,0.0809125,0.496875,0.00885875,0.061675,0.0296875,0.05,15.4,67.28423621,22.1485405,149.1427002,0,NA,60,40,15,50,10,5.144645446,1.495169104,6.139743008,18.1099368,0,0,8.839241287,15.13193218,0,0,0.057962932,0.118294345,1,1,3,3,0,0.40697,6.577,457.97944,483.904326,0,0,0,71.51191,2096.643829,0.18113375,FALSE,1.41993837859632,0.295744086452155,0.587907875022916,6,1.0003600648,0.000359935199999883,0.0017320434663012,2,2.41654060636094,0.586185310783625,1.1953830953518,9,1,0.86319863198632,0.783745660807715,0.99982,0.833168331683317,0.641170056321966,0.00018,0.026580265802658,0.130370844629405,0.00018,0.00641006410064101,0.0379347945698823,19.9181763285024,13.0163043478261,30.0597826086957,22.2325408989562,15.4446767164456,9.00548730382446,6.5,38.5,34,26,2,6,8,32,52,2.1,2.4,4.5,54.4,0.920353982300885,0.0371681415929204,0.0424778761061947,0.079646017699115,0.96283185840708,0.764705882352941,0.0588235294117647,0.176470588235294,0.235294117647059,0.941176470588235,0,7.5751537895193,-3.62758622564704,-5.04988600799956,6.18188721362292,7.64809316859821,0.058466564,0.484858565,77.6
"Ol_16","Ol_16",1,13.15649,52.57805,"O",2549.46,0,0,0.006767007,0.002693879,">8.0 - 8.5",1,0.68,4.32,2.307762384,0.126707099,0.015627759,66.94,25.28,0.10615,6.8325,0.0472375,0.264625,0.211725,0.19,13.15,15.4464472,18.21174049,147.7340546,0,NA,95,40,30,30,10,0,0.100126067,0.053746846,NA,0,0,0.001671049,NA,0,0,1.8349e-05,NA,0,1,3,NA,0,0,0,418.02332,1094.343565,0,0,0,42.37192,1940.251055,0.6297375,FALSE,6.37937537830882,0.843244841273927,1.92842805433512,9,4.76696037402016,0.790222716041446,1.67656465961257,8,5.37631450078072,0.813998976463377,1.83992513894636,10,0.856895360365322,0.825343579734895,0.726248327346996,0.135734099762661,0.132105391558917,0.0856800780739086,0.425097889982675,0.365709116044564,0.340124556055255,0.257988924161551,0.205080507440839,0.233738794482509,18.4590224939614,13.5498913043478,24.1745652173913,19.6062184915455,15.9972393368171,8.75196630938195,4.5,39.5,24,16,0,8,8,24,47.8,0,6.4,6.4,54.2,0.881918819188192,0,0.118081180811808,0.118081180811808,1,0.666666666666667,0,0.333333333333333,0.333333333333333,1,0,7.84363685102128,-1.0059170264794,-1.58435265771413,6.99790997846995,7.57057265347846,0.035676613,3.117999092,87
"Ol_55","Ol_55",1,13.18328,52.41555,"O",7060.25,0.116949387,0.009282912,0.008454036,0.006142845,">8.5 - 9.0",1,0.91,6.49,1.633131325,0.078431789,0.016863677,14.49,35.56,0.1204125,0.0841625,0.001709875,0.2845,0.00569875,0.03,33.4,59.28458334,20.82239628,96.89904022,3,360,99,60,5,75,10,0,7.534940189,16.86750831,14.09449459,0,2.12050328,4.92621003,10.17291361,0,0.026706886,0.087124692,0.093094352,0,3,3,3,0,2.14371,24.26059,495.9743,349.5506528,0,0,8.11416,35.96898,608.0131096,0.412321125,TRUE,1.11218376595702,0.100868012455199,0.242149549240509,3,1.05828066487235,0.0550710853999999,0.130505508977298,3,1.30396162898466,0.233106268028255,0.532930133202654,10,0.97196,0.972459003484458,0.97994320551264,0.97167,0.947496899423194,0.876035109319459,0.00029,0.0249621040612635,0.0894612466985722,0.00029,0.0249621040612635,0.0893520265305717,19.5869565217391,12.9184782608696,29.0760869565217,21.8161742069339,15.2797595026156,8.38466575772425,6.5,37.5,48,39,1,8,9,45,91.4,0.1,8.4,8.5,99.6,0.914914914914915,0.001001001001001,0.0840840840840841,0.0850850850850851,0.996996996996997,0.8125,0.0208333333333333,0.166666666666667,0.1875,0.9375,1,8.86223574062521,-3.69039644170747,-3.69039644170747,5.85664848050024,6.41019644357582,0.050644849,0.183525825,40.1875
"Om_02","Om_02",1,13.58431,52.47911,"O",6501.37,0.105115037,0.017779165,0.007334032,0.01111984,">8.0 - 8.5",1,0.74,5.425,2.040058613,0.154830806,0.026242923,3.59,38.85,0.1134,1.61375,0.0105825,0.057975,0.02353,0.09,25.4,40.67931823,13.17583609,77.72343063,0,NA,97,80,10,25,15,2.205730777,17.25246392,24.82011196,31.80634282,1.56594772,11.92875509,16.52047681,27.22712391,0.0070604,0.068100013,0.096281854,0.203933921,3,3,3,3,0.02331,5.12277,29.14545,746.37841,140.925091,0,0,0,80.97838,2153.235078,0.2054875,FALSE,1.93007340640998,0.481884991172411,0.91048753038155,8,1.18077754266836,0.1531004242,0.352735215815406,4,2.09018390741625,0.521573199156367,0.830138364875853,8,1,0.744810805939662,0.463692686490977,0.92571,0.676132210551612,0.439150844251384,0.05113,0.0357861641517558,0.0130816426619692,0.05113,0.0265242162389482,0.00802714415830089,19.4421422101449,12.3315217391304,29.7989130434783,21.826147499931,14.8164525595674,7.50636405050018,5,39,41,35,2,4,6,39,94.1,0.2,4,4.2,98.1,0.957273652085453,0.00203458799593082,0.0406917599186165,0.0427263479145473,0.997965412004069,0.853658536585366,0.0487804878048781,0.0975609756097561,0.146341463414634,0.951219512195122,0,8.77976820290578,-3.3301939364846,-3.6296971429319,4.94822847970098,7.67472667765572,0.059231038,1.187169766,91.4117647
"Om_05","Om_05",1,13.24726,52.58265,"O",5377.03,0.151802581,0.022707274,0.007217074,0.019619618,">9.0 - 9.5",1,0.83,4.605,1.176815391,0.086565182,0.012388364,90.26,46.26,0.1175875,4.4775,0.0155,0.05225,0.041875,0.1,24.1,18.01443526,13.59174252,95.09579468,0,NA,85,60,20,10,25,1.813939924,1.190420833,3.60224437,23.73254836,0,0.031340832,2.266830579,19.97223522,0,0.00076875,0.0168382,0.202555201,1,3,3,3,0.22798,2.25057,9.53374,558.15186,65.66011378,0,0,0,11.49541,4111.070049,0.2272125,TRUE,2.4512314781415,0.592041792495994,1.20594156021122,6,3.15635989537702,0.683179348,1.29383565137562,5,1.79530512671187,0.442991620131161,0.988209889674332,9,0.57154,0.337496389693946,0.243827222907525,0.01846,0.00887388329498939,0.0612424420133061,0.44972,0.161731751770295,0.099623870093628,0.32756,0.122142878484568,0.0686942630078259,19.5967980072464,13.1048913043478,28.2384782608696,21.7541145886904,15.2903210342635,8.69849033808729,7,37.5,31,23,1,7,8,29,58.9,0.1,17.2,17.3,76,0.772965879265092,0.00131233595800525,0.225721784776903,0.227034120734908,0.997375328083989,0.741935483870968,0.032258064516129,0.225806451612903,0.258064516129032,0.935483870967742,1,8.58989145611344,-1.82181616945981,-2.10256378437325,4.18449164493823,8.32143862615918,0.081844897,0.283606497,49.46153846
"Om_06","Om_06",1,13.2075,52.58202,"O",13850.92,0.011668073,0.011383201,0.013430295,0.008439885,">8.5 - 9.0",1,0.78,4.115,0.575417906,0.034625225,0.004160837,77.79,18.456,0.2177625,1.49375,0.02051875,0.4465,0.068,0.05,11.65,2.620914666,16.62746811,138.3138123,0,NA,60,40,15,15,10,4.387029376,3.042456629,6.037511216,19.55157456,0,0.202868797,4.751809001,21.19579188,0.000827378,0.007579964,0.037822314,0.175489936,2,3,3,3,0.3224,1.56397,7.43023,428.02119,65.59345451,0,0,0,22.48766,1937.568428,0.75278125,FALSE,1.35809018282264,0.263671873452754,0.585443102173602,6,2.95322947286497,0.661387640483662,1.22999289000106,5,1.5822381191032,0.367983878073429,0.799983498212103,7,0.870808037366352,0.942323078769452,0.831819727550959,0.478311312923197,0.858232987958555,0.803314596627393,0.300541091985638,0.0707784934192103,0.0244844071932948,0.300541091985638,0.0707784934192103,0.0213638454921886,19.7164855072464,12.4130434782609,29.5923913043478,22.2638586269907,14.7803877005923,9.1127447454957,6,38.5,19,14,1,4,5,18,46.5,0.1,4.1,4.2,50.6,0.917159763313609,0.0019723865877712,0.0808678500986193,0.0828402366863905,0.998027613412229,0.736842105263158,0.0526315789473684,0.210526315789474,0.263157894736842,0.947368421052632,0,9.53610693540216,-2.64820008969387,-2.64820008969387,4.18347591216083,7.56918907828127,0.063523958,1.411684817,32.33333333
"Om_08","Om_08",1,13.15125,52.45452,"O",5886.15,0.151692432,0.015166346,0.00416655,0.00572273,">9.0 - 9.5",2,0.82,4.085,0.8616952,0.073449321,0.010861549,19.19,20.029,0.225825,5.44875,0.0509875,1.16375,0.1405875,0.07,16.7,12.61037031,11.73376846,79.54317856,1,135,85,55,20,40,20,15.6888361,18.68803831,14.12293442,10.9633903,3.38205743,12.13017985,8.650334579,6.064625327,0.034332176,0.108376967,0.085243056,0.054506103,3,3,3,3,0.54304,6.70395,17.59145,296.1314,75.49092992,0,0,0,23.74559,3655.062891,1.58115,FALSE,1.12122937539949,0.108121833105108,0.295949564863179,9,1.07120423039218,0.0664711997693576,0.173576978172108,4,1.37540946010123,0.272943782190939,0.668786259472413,12,1,0.999450659208949,0.919219300623475,0.965890341096589,0.946873751498202,0.849974398361495,0.019509804901951,0.0382341190571314,0.0345170326194994,0.019509804901951,0.0310427487015581,0.0204311115127054,19.8963994565217,13.3532608695652,28.6630434782609,22.1376899850277,15.5377420779572,9.25530627784615,6.5,37,30,25,0,5,5,30,60,0,10.1,10.1,70.1,0.855920114122682,0,0.144079885877318,0.144079885877318,1,0.833333333333333,0,0.166666666666667,0.166666666666667,1,0,8.6803574126685,-3.26402699297287,-3.47239003405817,4.32401251552844,8.20386857887579,0.020809849,0.167646692,5.571428571
"Ol_50","Ol_50",1,13.19511,52.47137,"O",3623.99,0.018942887,0.002284459,0.001153353,0.00694385,">9.0 - 9.5",2,0.78,6.87,0.863079041,0.066981696,0.010904071,13.64,29.58,0.1044875,0.0514625,0.0017825,0.0140675,0.00458,0.03,46.35,46.97491921,12.8859911,79.15273666,5,180,96,80,10,40,20,0,2.14418511,2.185162275,11.06795087,0.002747563,0.033178759,0.880315066,7.431911537,0,0,0.00793725,0.065875686,1,2,3,3,0,1.52005,4.04909,305.82731,283.9375106,0,0,0,23.84125,2433.490242,0.1249175,FALSE,1.4156076580568,0.2935895802,0.548093303352308,6,1.0002400288,0.000239971200000078,0.00120335505753386,2,2.50490283659682,0.600782918447005,1.17967042327641,9,1,0.84844,0.588075826539289,0.99988,0.83554,0.572380333116591,0.00012,0.01111,0.0137748211874156,0.00012,0.01111,0.00650227579652878,20.077068236715,13.4673913043478,28.6358695652174,22.3495684098662,15.6669804101376,9.25777488083673,7.5,36.5,36,24,3,9,12,33,123.4,1.2,11.4,12.6,134.8,0.907352941176471,0.00882352941176471,0.0838235294117647,0.0926470588235294,0.991176470588235,0.666666666666667,0.0833333333333333,0.25,0.333333333333333,0.916666666666667,0,8.19533090777716,-4.4999096753306,-4.4999096753306,5.64875418085178,7.79708181940313,0.050588157,0.13482124,17
"Om_15","Om_15",1,13.14572,52.58331,"O",16995.29,0.008358667,0.01139472,0.005583828,0.002132846,">8.0 - 8.5",1,0.92,4.41,1.88412565,0.174235299,0.026415169,5.47,27.33,0.0856625,1.952375,0.02459,0.1550625,0.042625,0.15,23.05,40.22602277,10.81432056,71.48315048,0,NA,98,80,10,70,10,0.049221682,0.228398343,1.63542662,NA,0.015283332,0.064443144,1.995261011,NA,0,0,0.011660273,NA,2,2,3,NA,0,0.82724,5.21357,375.59943,519.4879849,0,0,0,32.08879,2857.856509,0.30794,FALSE,1.04745503641435,0.0453050820938279,0.138316349292345,6,1.07024222115156,0.0656320781999999,0.148282339491585,2,1.09670877829569,0.0881809102011357,0.26141804645402,9,1,0.995540044599554,0.978769575391508,0.96603,0.978640213597864,0.958919178383568,0.03397,0.011929880701193,0.0110602212044241,0.03397,0.011929880701193,0.0102202044040881,19.3354846014493,11.304347826087,28.9184782608696,22.0507497067792,14.0581156266702,7.44898246183691,3.5,38,23,20,0,3,3,23,93.5,0,1.2,1.2,94.7,0.987328405491024,0,0.0126715945089757,0.0126715945089757,1,0.869565217391304,0,0.130434782608696,0.130434782608696,1,0,9.74069152582694,-4.42870904282231,-4.42870904282231,6.25284368207163,7.95782715044145,0.028887877,5.784768979,14.92682926
